﻿{
   "CodeGenerationMode": 4,
   "ContextClassName": "CineMaxContext",
   "ContextNamespace": null,
   "FilterSchemas": false,
   "IncludeConnectionString": false,
   "ModelNamespace": null,
   "OutputContextPath": null,
   "OutputPath": "Data\/Entities",
   "PreserveCasingWithRegex": true,
   "ProjectRootNamespace": "BackCine",
   "Schemas": null,
   "SelectedHandlebarsLanguage": 2,
   "SelectedToBeGenerated": 0,
   "T4TemplatePath": null,
   "Tables": [
      {
         "Name": "[dbo].[BUTACAS]",
         "ObjectType": 0
      },
      {
         "Name": "[dbo].[BUTACAS_RESERVADAS]",
         "ObjectType": 0
      },
      {
         "Name": "[dbo].[CLIENTES]",
         "ObjectType": 0
      },
      {
         "Name": "[dbo].[COMPRAS]",
         "ObjectType": 0
      },
      {
         "Name": "[dbo].[DETALLE_BUTACAS]",
         "ObjectType": 0
      },
      {
         "Name": "[dbo].[DETALLES_COMPRA]",
         "ObjectType": 0
      },
      {
         "Name": "[dbo].[FUNCIONES]",
         "ObjectType": 0
      },
      {
         "Name": "[dbo].[GENEROS]",
         "ObjectType": 0
      },
      {
         "Name": "[dbo].[PELICULAS]",
         "ObjectType": 0
      },
      {
         "Name": "[dbo].[PELICULAS_GENEROS]",
         "ObjectType": 0
      },
      {
         "Name": "[dbo].[RESERVAS]",
         "ObjectType": 0
      },
      {
         "Name": "[dbo].[SALAS]",
         "ObjectType": 0
      },
      {
         "Name": "[dbo].[TIPOS_DOCUMENTO]",
         "ObjectType": 0
      },
      {
         "Name": "[dbo].[TIPOS_PELICULA]",
         "ObjectType": 0
      },
      {
         "Name": "[dbo].[TIPOS_SALA]",
         "ObjectType": 0
      },
      {
         "Name": "[dbo].[Usuarios]",
         "ObjectType": 0
      },
      {
         "Name": "[dbo].[Vis_DetallesCompras]",
         "ObjectType": 3
      },
      {
         "Name": "[dbo].[pa_analisis_ocupacion]",
         "ObjectType": 1
      },
      {
         "Name": "[dbo].[PA_CONSULTA_CLIENTE]",
         "ObjectType": 1
      },
      {
         "Name": "[dbo].[pa_verificar_disponibilidad]",
         "ObjectType": 1
      },
      {
         "Name": "[dbo].[f_fecha]",
         "ObjectType": 2
      },
      {
         "Name": "[dbo].[f_hora]",
         "ObjectType": 2
      },
      {
         "Name": "[dbo].[fn_butacas_disponibles]",
         "ObjectType": 2
      }
   ],
   "UiHint": null,
   "UncountableWords": null,
   "UseAsyncStoredProcedureCalls": true,
   "UseBoolPropertiesWithoutDefaultSql": false,
   "UseDatabaseNames": false,
   "UseDateOnlyTimeOnly": true,
   "UseDbContextSplitting": false,
   "UseDecimalDataAnnotationForSprocResult": true,
   "UseFluentApiOnly": true,
   "UseHandleBars": false,
   "UseHierarchyId": false,
   "UseInflector": true,
   "UseLegacyPluralizer": false,
   "UseManyToManyEntity": false,
   "UseNoDefaultConstructor": false,
   "UseNoNavigations": false,
   "UseNoObjectFilter": false,
   "UseNodaTime": false,
   "UseNullableReferences": false,
   "UsePrefixNavigationNaming": false,
   "UseSchemaFolders": false,
   "UseSchemaNamespaces": false,
   "UseSpatial": false,
   "UseT4": false
}